adarshsworkmail@gmail.com,assss,hey iam an aidiot
adarshsworkmail@gmail.com,assss1,hey iam an aidiot
mia@gmail.com,assss1,hey iam an aidiot
ashmil12@gmail.com,123445678990,auyidgasgdyaegduawegufdygweajfvjseagfuyaesgfdhwudhwegdwehdigaseiudhwegd
ashmil12@gmail.com,1234456789901,auyidgasgdyaegduawegufdygweajfvjseagfuyaesgfdhwudhwegdwehdigaseiudhwegd
ashmil12@gmail.com,1234456789901,auyidgasgdyaegduawegufdygweajfvjseagfuyaesgfdhwudhwegdwehdigaseiudhwegd
ashmil12@1gmail.com,1234456789901,auyidgasgdyaegduawegufdygweajfvjseagfuyaesgfdhwudhwegdwehdigaseiudhwegd
ashmil12@1gmail.com,1234456789901,auyidgasgdyaegduawegufdygweajfvjseagfuyaesgfdhwudhwegdwehdigaseiudhwegd
ashmil12@1gmail.com,1234456789901,auyidgasgdyaegduawegufdygweajfvjseagfuyaesgfdhwudhwegdwehdigaseiudhwegd
ashmil12@1gmail.com,1234456789901,auyidgasgdyaegduawegufdygweajfvjseagfuyaesgfdhwudhwegdwehdigaseiudhwegd
ashmil12@1gmail.com,1234456789901,auyidgasgdyaegduawegufdygweajfvjseagfuyaesgfdhwudhwegdwehdigaseiudhwegd
